Entity,Unsafe water source,Unsafe sanitation,No access to handwashing facility,Household air pollution from solid fuels,Non-exclusive breastfeeding,Discontinued breastfeeding,Child wasting,Child stunting,Low birth weight for gestation,Secondhand smoke,Alcohol use,Drug use,Diet low in fruits,Diet low in vegetables,Unsafe sex,Low physical activity,High fasting plasma glucose,High total cholesterol,High body-mass index,High systolic blood pressure,Smoking,Iron deficiency,Vitamin A deficiency,Low bone mineral density,Air pollution,Outdoor air pollution,Diet high in sodium,Diet low in whole grains,Diet low in nuts and seeds
Afghanistan,5256.649276,3783.111117,4156.209013,19397.37821,2422.369175,94.11813479,14575.26921,4990.036917,17453.44633,5459.172507,631.7738503,862.301904,11225.15396,9605.295515,805.9455107,4977.835021,27534.68392,26789.1737,19254.95751,33345.02347,9241.250845,1035.21142,4442.334736,447.2064906,26054.19572,6872.06,3457.083571,14884.9584,9074.388004
Albania,4.091663843,1.597906849,4.501301236,736.8814547,8.17311858,0.071829069,40.61320894,8.280518644,106.8532782,592.1159196,1485.350647,141.5175619,784.6990017,142.3951046,57.75968084,632.5092922,2992.681104,3030.497571,2635.437768,7246.026904,4161.156448,0.666506861,5.559881962,43.33951352,1638.57099,919.59,1668.336331,2206.716542,1130.544001
Algeria,189.9360966,58.91062157,191.7304618,58.11235973,126.5520966,7.723609176,635.4547155,82.00800501,5259.112675,5257.501749,940.8081093,2035.223813,7651.92125,4663.229717,955.2292382,7995.479816,32278.76056,19901.66905,29338.76406,43660.55537,18609.93068,137.5311425,61.64584392,617.6388198,13222.28469,13315.3,5828.759675,16103.07898,11483.30653
American Samoa,0.72005646,0.179205289,0.293769123,7.550280149,0.118481843,0.003935677,2.285859923,0.120446908,2.734630469,9.616051844,1.760102197,2.166602053,10.64978092,11.69833161,1.872133027,8.755861188,86.19458426,28.14667056,77.1623747,77.27649369,31.21813943,0.260516139,0.205665787,0.702339793,22.1799347,14.63,8.519993366,25.63874674,17.52416428
Andean Latin America,1257.987062,733.6492276,1578.129626,5773.89267,344.1020792,20.47772076,3615.348894,378.8802329,5353.829392,2821.50039,15006.28575,2640.907767,5359.408673,7469.641023,6834.072994,4646.949583,36141.07074,14290.29883,29753.89697,38229.59889,15795.109,260.80799,304.2646632,1375.106941,17686.15335,12011.09,9758.081534,10967.09702,8049.419977
Andorra,0.027021517,0.018488202,0.20630635,0.250689952,0.003816093,0.00065177,0.154660253,0.001400828,0.326638355,6.967264846,26.79354005,4.996633271,10.2240463,8.49016729,1.915685371,13.82338163,66.90072672,54.69675836,51.61646274,88.63983242,79.71227957,0.005498606,0.003464789,4.119963722,23.32316268,23.67,16.95782246,23.27595196,13.33294499
Angola,14656.91821,9615.556653,9735.710078,7129.377633,2363.336774,212.0884704,15969.58181,3714.046908,11337.98366,2143.885505,9079.898398,836.5036453,2704.049407,2283.144002,13751.6071,1140.600094,13735.2981,3811.290361,5953.404709,15314.66618,8810.716924,722.6553392,4216.257339,358.1024786,10728.38312,3724.05,1894.786922,3972.961561,2617.704511
Antigua and Barbuda,1.040682425,0.328516537,1.778130551,1.390787513,0.210435154,0.012582009,2.980395586,0.085465374,3.569663611,5.813789393,16.15932767,4.381435541,8.493671661,15.42507342,11.12911075,15.09500981,116.5830662,36.27135561,81.62361866,114.9736999,38.04276392,0.216298903,0.062875975,1.375845552,31.37556266,29.99,12.97269565,32.18534275,20.72595333
Argentina,267.139167,68.63580741,541.1825861,1240.409292,76.8179279,5.073309788,1298.508278,33.24182383,2566.976883,7399.089731,7181.262549,3771.835755,7582.714881,9760.976076,4541.983696,5875.416649,47639.23528,27639.13457,37927.88557,46362.78971,51911.51827,71.78723983,39.94969029,1106.556467,17011.34249,15930.98,10793.48189,17269.54239,13119.66602
Armenia,3.04552297,4.379285417,12.66488451,481.5416773,7.747661573,0.284808858,34.58214277,5.522294501,98.71227335,1135.035315,289.5887797,236.7314614,1364.241331,24.9658311,168.5686339,1109.601958,6581.749098,4268.678805,3779.626966,8436.619396,4871.943861,1.615080055,0.308142251,45.10738363,2629.635854,2189.15,1961.582677,2855.040263,2159.566343
Australasia,38.05319298,8.210255066,69.43022085,48.23282623,7.627928205,0.829650696,122.1578281,1.798370642,443.1857806,2036.541162,8526.306353,3163.510682,5688.260043,4873.953679,644.3745752,6137.750895,23889.139,17386.83584,23499.85941,31495.81487,25764.17521,2.352080501,0.318961146,1970.902997,5580.861582,5569.51,3773.941892,8216.899808,5721.381348
Australia,26.69515862,5.672184964,57.88102161,38.10862168,6.403087096,0.711444727,111.966968,1.49842298,349.6264028,1714.449585,7226.823767,2870.067681,4797.861063,4099.651101,552.1254893,5019.110698,20074.70958,14679.67055,19912.50729,26022.28531,21559.35178,1.669061764,0.240332351,1670.728909,4884.052995,4880.68,2649.750866,6718.511647,4546.009246
Austria,2.407016198,6.282777685,8.644877369,53.58688229,0.838582028,0.176017121,3.750960722,0.153621461,89.47592712,942.8393307,4745.345794,649.901935,1741.102656,2327.424583,280.2377218,2534.818448,14462.03244,9365.246311,9148.487208,18457.85374,11502.30524,0.700770296,0.522673086,663.7500126,3488.954983,3506.57,3139.779789,3733.262504,3014.395195
Azerbaijan,89.05113819,86.75303303,67.60196524,1628.939211,296.9441935,8.821331903,917.4078245,145.6027695,1538.975598,3011.192592,3979.679227,697.3706747,4915.974059,860.9892393,283.5765146,2722.001912,17246.71156,12467.17064,11781.98221,24381.96132,12216.65581,12.37550325,74.64546363,74.1711241,6338.628244,4760.38,6200.943293,9117.023753,5461.284666
Bahamas,2.707796893,0.569713432,4.704792551,6.969121202,1.033646317,0.043892699,6.130669581,0.340492398,13.46598361,25.20796544,151.3220839,20.41170793,10.6894431,57.16947779,114.8547175,55.31936761,372.6939841,206.8888975,398.838815,525.4197731,158.5935302,0.959798107,0.211855215,7.750606008,111.8949051,105.46,52.72114429,143.9464332,83.82374191
Bahrain,4.737998729,1.190416056,3.650144168,1.757713432,0.471667865,0.040731859,5.110571831,0.239893636,40.0874942,105.1967603,55.61264469,55.95727629,87.02024597,21.69465014,12.88039458,110.6722578,990.8154927,388.0075988,854.6271992,642.2750375,329.056011,1.126715653,0.380063903,8.155892584,406.685601,409.89,98.49738701,330.5727327,139.0637394
Bangladesh,25397.49827,17744.9926,16129.92113,70345.12903,1685.496492,23.53786088,15368.4567,2321.903151,27148.99034,22897.57904,9910.434482,4804.26747,69563.25972,47723.77496,4362.279375,19020.90264,109116.4372,61261.04103,38771.28996,157570.7483,90795.05525,1314.3573,1240.339834,3147.014125,122734.2597,56067.77,44010.6852,40390.53996,35582.39534
Barbados,2.528326566,0.810361072,9.033550951,0.209271962,0.447736209,0.01859262,5.751214807,0.122231308,10.4292478,22.97035688,111.8792413,14.8038094,74.34251328,70.58959179,49.66518169,75.72512889,556.9624742,160.1150375,402.1581202,500.9598887,167.9684343,0.454978611,0.084381509,8.00886276,171.5474105,171.49,57.34094991,150.3408758,90.79330068
Belarus,4.639462353,3.6664606,13.96133739,113.6047173,3.794573702,0.098912642,23.61565846,0.970613276,152.1208359,2429.177441,14624.50635,1297.011014,8180.10495,3951.245512,662.6692455,6083.660368,14637.87477,28832.84444,19712.97264,46340.26135,21496.83134,1.859143546,0.197992408,295.2146829,8264.966736,8184.6,8483.545559,14580.6757,10748.02168
Belgium,21.01579493,13.57291039,51.11025298,27.47825263,2.093730102,0.432938787,213.3065473,0.402805693,105.3408851,1429.467357,5763.979698,755.4198336,3276.171452,1834.08139,367.7431232,2715.252736,14697.64576,8264.677154,8857.47833,17324.5175,20077.50194,1.435624518,1.337907549,1080.962261,4980.116491,5059.27,2389.578345,4151.17358,2755.940184
Belize,9.509475005,4.009414336,8.818269088,30.14580759,3.576198102,0.204183058,20.28799707,1.50868742,41.80634783,20.38574276,174.4261441,18.54714864,46.81221983,46.33712974,83.36876211,33.98123411,316.4685273,95.76822856,259.501982,264.300317,127.3457057,1.295544481,0.721501664,6.13569474,109.3684719,80.0,23.56463466,88.79640812,59.15982123
Benin,5266.971855,4114.532299,3904.867417,4919.517218,829.8927281,56.61747951,6534.328122,1326.095937,5767.554297,560.5153164,1320.883877,263.6448482,1634.18027,1144.17493,1923.610226,425.8217559,4639.151648,1578.144038,3026.947885,6007.265474,1983.631895,367.1283117,1809.85731,312.8247393,6181.832327,1306.76,649.864774,1515.603308,858.8032257
Bermuda,0.296040093,0.04521686,0.657626153,1.879755217,0.019035856,0.001204007,0.326733353,0.008718912,0.572698286,6.661042457,39.81460691,3.946345253,1.97305215,12.1630811,7.978143839,17.63019564,72.23694978,34.23103705,75.33228194,94.40380129,62.279987,0.017870978,0.005701216,2.193128216,22.80934937,21.17,15.124907,25.97647432,20.57440786
Bhutan,84.07763476,61.96811598,25.06453317,134.9460608,6.014315003,0.044101803,31.04618515,7.662882469,118.2401887,72.85157267,135.5869935,20.80403376,179.9443736,138.325793,88.55218457,66.53020549,424.6047978,350.5251664,278.0816914,674.1583266,296.2936897,9.334458902,5.478661873,36.3133217,397.4540282,279.64,186.0636042,187.7198954,158.7167755
Bolivia,326.3299581,147.8474071,330.7840076,1557.197656,122.5321548,6.836458027,1196.232788,121.3317587,1883.486469,569.492336,1854.624497,519.9390434,1967.396766,2034.013157,1754.430219,1100.784608,10213.03338,3938.824286,6386.118811,8929.540389,4024.79707,118.2606445,75.99973271,275.8870967,4262.502975,2744.69,2176.315737,2914.436879,1487.779141
Bosnia and Herzegovina,3.343695619,1.029270692,3.065722719,1278.208463,2.068247283,0.092319162,3.935766552,0.21962983,69.69783783,1259.729602,3193.906099,235.0779395,2035.115893,561.3936048,160.3779501,1475.056843,9489.580664,5332.048002,5023.061426,10764.67368,8482.64675,0.353213815,0.568086505,70.72999084,3371.505976,2134.83,2256.169906,2725.932398,2037.791292
Botswana,414.3542095,282.8387762,291.5827149,419.4898285,45.00897025,8.129136793,272.0575213,35.31156948,272.0121408,257.0116684,843.605408,167.4549382,412.5753905,305.927077,4101.417741,172.6025143,1776.652219,549.4314543,1375.724973,1783.394493,901.3208983,10.13287136,48.60634445,29.15663992,822.4160928,414.78,222.7543098,457.2479901,319.8235585
Brazil,2957.752014,2231.321541,3710.661582,12154.3304,1128.499694,144.6447933,9427.11316,402.4762473,12554.49362,26728.52055,83215.48297,14738.87107,31505.11479,43919.43645,23774.42028,32410.23541,131163.0381,96098.98253,165953.8373,230453.8228,167657.2694,524.5142598,779.6803591,8080.305714,66244.64129,54859.56,51433.60169,60108.88832,47677.4725
Brunei,0.417956671,0.092768062,1.128641487,0.410655926,0.530085515,0.015172007,2.568154467,0.325612568,13.30773788,34.29398488,13.39729193,16.9843625,74.53407338,62.45462795,21.85400579,41.93684556,414.8257539,147.2987439,189.4892459,305.3738324,286.4040863,0.576828662,0.07795648,7.700280918,52.43961446,52.22,138.7047432,106.3741042,75.78116764
Bulgaria,8.611547095,0.719961001,10.22545384,1541.405781,9.46843041,0.6693082,35.82741115,3.975953513,122.5386694,2703.284516,5497.055585,644.8103812,8293.487146,1682.088016,504.1627426,4597.569287,17412.19495,19990.64456,18478.25277,41273.03985,20300.55028,1.809776016,6.279212406,218.3527129,7684.418015,6222.93,9422.955584,10506.81881,6774.009255
Burkina Faso,10444.27159,8121.420774,8171.12925,12783.27942,2456.278364,84.3400928,17965.42745,2380.004658,9352.102807,2135.677881,7161.097903,313.1995072,3826.351155,2809.796777,3278.695927,1012.999885,9530.222162,1228.946526,4697.419044,11928.21622,3335.304228,667.1763678,3478.070912,570.315684,15212.18106,2481.21,1212.591035,3645.780374,2424.304667
Burundi,4585.432147,3517.168487,3533.181458,5461.473923,365.4384946,32.70633717,7304.041634,1727.518992,4272.428238,532.2773492,9174.383439,163.1088312,1803.351708,1332.451487,2814.800868,334.1414639,5061.17271,1459.493354,1115.520494,6040.40585,2735.950248,225.5647715,1318.619833,225.1839194,6519.804808,1109.88,724.2234003,1928.308552,1102.3337
Cambodia,1242.053554,811.2047489,945.5823636,8429.454243,235.9290405,5.66570205,2136.036464,506.5502548,2829.781204,2384.447159,10419.93656,491.5006234,5388.132237,3230.701334,1796.980446,1018.043269,12367.32069,4580.385582,3740.569167,12145.33643,12676.72666,130.8850422,194.8864424,1165.398258,10744.16865,2389.44,4570.014352,2766.733648,1904.783403
Cameroon,10469.62448,7646.251521,7701.19255,6716.620004,1988.437662,210.5061983,10321.66948,1655.65346,8592.277982,1467.816461,11701.85881,1219.692284,2653.246472,1852.523083,21642.72974,1185.2234,11293.72093,3031.229613,9643.625001,14863.56059,5243.707323,759.622101,2757.262434,580.5033611,13301.43366,6689.68,1579.653797,3846.733043,2275.588607
Canada,47.82314361,61.0428625,91.83967058,18.1938997,11.90622469,1.275317529,291.6516448,1.674384088,654.8162386,3141.592034,5230.237233,4296.742797,6094.092434,6264.724713,1184.534584,6689.934576,36530.46262,20922.49905,32831.04069,42419.426,49362.37534,3.762124847,3.679746573,3028.534114,7835.316358,7937.37,12191.0659,11734.73973,9711.43702
Cape Verde,24.1495243,15.54555484,42.07232067,111.4481349,2.512466985,0.117208144,18.18187718,1.561013402,78.27405321,33.84686403,183.8071547,35.27930004,96.11083801,84.31566948,141.5938007,50.16488567,352.1943026,158.7679487,214.4513945,547.6052413,125.6559008,1.293211112,0.145327023,8.365383299,229.9307553,119.9,66.35464549,118.6239904,96.85500751
Caribbean,3962.418692,2664.382827,3221.147791,8990.182184,1314.899378,97.73863025,5056.871253,628.56927,5961.447032,4917.271243,15364.77369,2678.132302,8441.834436,11782.3041,9555.773727,10375.41486,56182.36388,26340.94799,42575.48158,65345.38683,38442.56216,475.6332036,991.7614469,2036.215207,23094.70305,14270.84,6177.783855,20736.55922,15506.75454
Central African Republic,5129.302511,3944.760399,3249.223374,3645.283919,1066.190482,63.8747993,6103.462193,1286.138182,2912.473654,575.0513329,3889.455231,217.9289503,1382.634709,1160.856024,5257.821007,346.7241018,4579.106932,1636.378927,1378.266217,4908.971861,2509.356867,239.2881147,1782.919137,126.4668111,4711.484933,1105.73,410.38341,1487.948226,830.6489973
Central Asia,1524.572332,1423.545828,1137.813876,14640.0957,1898.44217,61.59399878,8433.908724,1670.461373,12290.53188,18945.9183,37129.67926,9050.877959,47714.54738,8954.078306,3313.15131,22495.33402,129470.4339,95944.4417,97606.64701,192770.3342,79677.28717,141.5898754,955.7425669,867.5498588,53235.73842,39028.08,45489.17365,73892.69681,47179.65708
Central Europe,284.6407126,86.24360121,214.5032683,16198.66873,105.6570684,3.966697113,586.1343172,49.56758053,1874.444455,30884.05051,114235.1147,9461.348464,71424.31083,32113.33137,7298.111921,50764.31549,221774.5273,202112.0314,197732.2549,390724.5074,246025.3627,17.1816877,60.38427738,6301.198413,85867.48748,70688.75,89266.36977,98084.56176,73724.13322
"Central Europe, Eastern Europe, and Central Asia",2035.799408,1686.149991,2062.038854,36063.23548,2202.531913,75.09035509,9968.967993,1818.594775,18029.63066,109306.5535,452867.9876,67387.33258,311498.2164,162213.6817,31024.7645,227343.4199,750580.5109,,726943.9604,1499420.477,783618.662,216.7880679,1030.00661,13580.67044,303642.5482,269942.23,286874.4307,456836.8949,335630.7339
Central Latin America,6426.507669,3452.362066,3652.692134,23106.34476,1672.748604,150.8220477,15247.95503,1423.130976,17437.50656,19594.45933,96840.80118,19408.35293,34426.68016,40909.04829,23799.50715,25930.53911,260275.5636,89656.162,191132.6859,236918.6399,102120.4082,456.7511096,1196.006356,5994.777917,85395.18948,63622.85,33133.15901,45997.11922,56363.10323
Central Sub-Saharan Africa,52821.98001,37861.78688,39953.70489,54364.77561,9136.04774,620.9731045,70771.95573,15344.06682,49826.27451,8303.480894,38018.45791,3568.731507,20276.87778,16872.54455,44414.47528,6526.923162,72511.80581,19771.08507,27048.81471,81515.27579,30294.04654,4029.010623,16685.41568,1701.689887,72404.74136,18922.08,5019.356599,21402.55402,15119.39269
Chad,21210.82881,16517.25081,13485.45289,11550.56579,4793.375618,363.0031552,30822.58711,6831.690472,11395.65527,809.414447,3287.944961,307.3734966,2658.723376,1963.884276,4501.889697,760.9720369,5580.885268,1859.074571,2029.757404,7721.604804,1657.958992,1088.685615,7770.258898,280.1250689,14329.20008,2855.7,806.5398731,2850.08257,1279.012718
Chile,100.0541872,57.35420815,86.6902177,685.0091437,7.169297916,0.36542411,441.4003209,2.015641408,544.5874162,1887.178462,5083.990315,1745.506184,3527.817641,2001.208591,1469.165779,1832.279948,16146.8036,6515.582969,13848.39858,21283.09424,10405.15837,9.540476168,3.649337775,688.1651282,5665.898069,5042.89,5975.950099,4965.585022,3073.953398
China,3886.420648,2405.458727,5348.404261,271089.3473,2674.242019,100.9230386,17742.4654,1636.863121,39334.54966,386641.4086,670297.3078,129306.3197,718507.1133,277782.2265,73366.89943,249699.3445,891047.2355,794614.2508,823869.2608,2542365.122,2197652.614,325.3290396,1690.183543,68054.92344,1242986.55,1029847.77,1656146.098,753131.7261,394876.2583
Colombia,520.1231751,116.5680072,382.400005,2382.9701,171.311358,14.61994024,1664.006517,104.7107993,3061.087173,3637.831624,11337.69169,1924.759991,4282.860071,8335.632573,4651.803826,4931.983888,20405.12705,15663.29956,24986.06726,44361.06577,19433.68056,51.52111397,71.70827685,917.1893981,11962.66488,9711.92,10406.62967,10324.30719,9683.308482
Comoros,219.3140577,171.8446847,167.7830401,323.1061816,27.70762878,1.752646594,153.6921471,25.73762919,159.6431088,66.5243068,41.22049159,13.40398576,178.6068091,142.9992483,67.05309374,38.05926352,539.3641893,154.5474404,226.9997541,666.4044731,180.4491735,7.750350906,30.5348608,22.37137727,392.4471044,70.48,92.09180324,186.9640098,132.2648187
Congo,1707.278717,1272.305282,1196.174173,1283.464097,185.4545295,22.6424917,1229.304607,138.8185203,1054.780189,410.192171,1884.3963,280.1116715,986.9604423,867.8630335,4984.059192,403.7799128,3946.594107,1251.874745,2377.366626,4614.214474,1556.248047,174.4619737,360.6774912,86.50359778,2440.38727,1179.92,569.7387953,1180.767862,875.2389488
Costa Rica,37.37146849,4.237475774,39.81137902,178.8154362,4.415361413,0.432619286,30.93802081,1.636629653,190.7450731,290.5739805,1249.573054,352.950579,426.9681926,781.950685,336.8022264,417.3966185,2168.64586,1715.112051,2824.649037,4880.458645,2203.799503,4.095644687,1.959978528,177.8267002,1042.08932,874.15,898.5148643,1099.381288,926.4970331
Cote d'Ivoire,9363.352589,6735.508568,7127.21586,10917.41862,2137.846952,132.1768458,12112.02429,2093.61001,12410.25712,2812.046903,5670.594879,1108.859365,3487.163649,3588.5091,16692.64299,1372.632499,10809.45466,5267.033069,7189.308181,17079.74524,6312.139392,948.4773222,2803.636205,459.5429865,13404.02689,2523.8,3335.902091,5242.502858,2529.994429
Croatia,8.835385653,1.539017932,3.992619528,429.8348958,0.841424924,0.146091073,2.783962168,0.227900675,42.95763931,1466.968516,3628.318709,247.1280868,2034.265256,2082.295624,188.2222011,1774.752238,9614.003668,7760.486941,7107.911896,14095.97562,9340.339474,0.257378512,0.605804233,557.5887111,3089.387866,2711.66,3363.559108,3540.358486,2536.924982
Cuba,206.0033326,79.42369542,249.8411816,331.4859036,8.168864817,0.588091921,69.70244824,2.922977862,98.93357236,1842.237609,4148.509952,726.6145023,1763.133027,2157.926542,1001.917778,3741.051918,11139.1689,8815.759037,11028.71276,19038.48274,18457.31728,12.60947169,1.273364242,1221.157243,6236.011058,5959.46,2031.29747,5618.464359,4962.127536
Cyprus,1.162573215,0.566744212,1.662713195,3.652767188,0.126081393,0.013170099,5.837508235,0.017917517,10.54283374,154.9389438,205.8962335,39.51281276,271.4704144,223.6022921,24.01241751,226.628464,1566.36773,689.4509757,832.4132921,1617.129241,1492.219646,0.176519124,0.049506072,48.5983256,499.2307193,506.71,255.0342712,486.1766338,310.2571211
Czechia,52.54709069,3.759241813,22.41095466,205.8598747,2.679825243,0.270515857,68.38872687,0.523756582,67.58279382,2493.128701,7853.982281,771.3201548,5295.68507,5083.033587,525.5987341,4197.351157,21703.11631,16876.34314,15986.49783,28194.22406,20821.91529,0.687703616,1.511168016,710.8472818,6461.42418,6342.42,7174.262274,6412.431176,6620.666726
Democratic Republic of Congo,30914.96124,22776.33004,25418.67361,42040.34687,5443.154027,316.2052061,47130.03365,10156.58354,33853.58017,4980.360441,21974.34386,2105.005265,15053.63229,12241.84917,18252.22342,4463.742148,48203.69411,12474.00766,16083.32494,54568.43154,16609.2889,2841.969533,10239.9386,1075.040004,53515.46627,12165.11,1810.335767,14310.64802,10485.55035
Denmark,8.557294332,4.72150901,22.16926339,12.74874828,1.286211421,0.152191017,36.57528855,0.167454992,89.3871,582.3483778,3388.970459,546.9372566,1023.843868,937.264752,205.4621379,1218.349409,8476.867694,3926.67627,4128.475723,8207.898052,11700.02393,0.402398493,0.569978623,411.5603951,2366.00742,2404.04,1144.141762,2119.594712,1345.997277
Djibouti,203.6109406,150.0021338,172.3973573,162.281503,39.08636964,2.836271379,284.7970344,37.93755375,195.6531699,86.17515435,92.63333681,25.94173439,238.3220299,141.1679974,752.599024,50.15149842,626.7486844,190.084992,369.8403591,744.4919243,343.1192593,30.66525552,22.2589292,22.91672123,404.3574293,244.84,95.83034728,256.8246561,156.634092
Dominica,1.239433706,0.469235073,1.978845718,6.493894342,0.439650224,0.02175721,2.80440285,0.151876436,6.551941501,6.441138407,35.90917001,4.255014835,15.47576107,17.11675976,10.74509082,15.39372582,129.2020081,31.85252801,85.35808944,142.9251923,38.29548566,0.325527194,0.110312028,1.808422117,35.64951764,29.16,15.29012945,32.2326524,21.56677032
Dominican Republic,332.0688302,124.6384394,395.4758205,1023.708901,105.9063425,12.45716288,404.4462691,30.56992826,2006.737111,950.4212191,2415.801205,573.9608538,431.6103704,3125.675944,2558.468386,2137.484588,9927.601375,5377.04964,9081.958527,13710.99397,7726.0708,63.18500613,42.12070464,204.3133458,3363.702152,2358.38,1382.565475,4256.61386,3614.628075
East Asia,4179.87619,2644.728657,5722.963229,300613.1635,2849.425797,109.9513549,19325.31862,1853.759143,41761.91722,407966.084,701230.7605,137603.8203,751260.3149,290572.5622,77437.30671,261497.6751,955626.8607,820145.8658,861954.3282,2660991.57,2298918.241,389.9189389,1857.58146,71049.3301,1315670.799,1077173.74,1713347.524,788087.4754,412372.2685
Eastern Europe,226.5863636,176.360562,709.7217102,5224.471056,198.4326746,9.529659194,948.9249515,98.56582108,3864.654325,59476.58467,301503.1936,48875.10616,192359.3582,121146.2721,20413.50127,154083.7704,399335.5496,608406.2666,431605.0585,915925.6353,457916.0122,58.01650478,13.87976619,6411.922171,164539.3224,160225.41,152118.8873,284859.6364,214726.9436
Eastern Sub-Saharan Africa,157354.8454,123319.8675,116264.826,152945.5336,21944.32622,1405.080814,189204.5201,38282.40037,145254.149,19132.6876,102946.6276,9948.432551,51171.54872,41435.9012,202091.0909,14316.09021,158531.2705,52481.97602,66920.70966,201638.8906,79456.11856,8721.341032,46678.78848,7947.895218,186764.5227,34899.7,28121.34848,53232.30658,33737.26024
Ecuador,208.2652958,76.70379342,281.9855067,441.669298,85.66989767,5.547599863,979.5000074,91.80993459,1314.164608,724.4111458,6863.954049,840.1594766,809.0937709,2344.275337,1946.303501,1378.56917,13501.10666,3933.679124,11277.03342,13217.02265,4721.520812,39.63028217,68.52924231,478.4514799,3851.070773,3426.84,3233.83948,3583.980325,2656.606377
Egypt,3142.490313,2534.963747,1354.805265,386.9127499,2412.158997,134.5785502,9385.338074,1559.992088,6262.065919,15891.71143,7288.487477,2162.374596,20283.9093,1918.851763,508.581135,23024.91232,102942.0769,74209.88513,102516.0026,145833.2934,69344.15356,321.28886,1196.895817,1524.011372,60543.49596,60855.33,17086.45112,48864.24778,40721.90781
El Salvador,204.5624173,142.1526011,165.0318669,933.1588186,28.08551278,1.602464587,336.6684805,14.05688504,367.2571254,565.5599855,3024.851068,532.3189003,1162.34147,1121.34073,1047.103874,696.7457473,7504.278728,2898.82606,5428.796263,7608.063688,2218.898836,5.580898157,22.32941014,277.7559284,2654.020724,1743.65,1147.310195,1771.263,1685.74992
England,31.67538114,4.701686698,210.0109137,232.7400016,14.75979861,1.558016623,121.6635624,3.194396443,1230.142352,4775.527164,13006.33516,4123.668474,14803.99027,10844.07573,1644.497908,12120.12768,58599.10145,39321.2492,46287.56299,67534.98183,73217.73969,10.08148791,2.764161415,3027.083709,20929.15284,21008.45,11669.80965,19643.46847,13666.09129
Equatorial Guinea,160.3779683,76.63782592,129.2496873,165.7631711,34.2386219,1.995813003,162.8716946,24.39034866,288.7023556,32.03973806,413.769402,53.09753876,37.20682346,53.77331825,1501.383835,41.62140688,523.6353438,130.652903,331.0820808,523.2220002,163.1812665,18.61973886,45.85079358,14.03004728,334.6641622,170.5,88.58452911,110.9028121,56.59801274
Eritrea,3083.705694,2382.981983,2201.441606,2240.770176,258.4010246,25.64511031,3466.177541,571.6194518,1706.048183,476.9965314,1704.772659,153.3140393,1087.396006,778.3547655,1766.1537,175.7595602,3035.133541,722.0263524,1170.829722,3106.608144,1358.120013,254.5542794,575.9794048,116.4575854,3143.844868,928.14,437.8821719,1007.600417,617.9417039
Estonia,0.747593469,0.334991322,2.349146479,115.2638221,0.407212534,0.017817451,2.328093449,0.184709555,8.263173818,224.338817,1523.903306,214.8997983,623.9745683,516.4409445,82.53658816,483.0448914,2555.786406,2764.274211,2715.788478,5379.593824,2160.762046,0.057010884,0.022186677,42.35182394,452.4183776,339.39,1111.241832,951.9833128,847.4839168
Eswatini,439.9033417,320.1589775,262.2242411,337.2000865,77.16050934,8.837370649,283.7551153,63.95127396,219.6628361,160.9686276,544.2938811,111.0449192,237.1998999,211.1856697,2256.316015,102.5221833,1366.408316,240.3304222,1059.89587,1064.096924,498.9976676,8.125039742,65.76409813,16.31113593,567.0509682,235.79,121.3293685,253.9010361,191.6784688
Ethiopia,47812.20061,38734.8943,33326.92687,32771.2345,5832.323611,330.4135473,51201.90029,11444.902,39714.23234,3154.743307,17320.28654,1461.239724,12026.44856,8224.952021,16718.42621,4980.126238,31268.61141,13264.27316,10812.83515,34120.50008,9462.55941,1984.34217,15895.87998,1988.012669,40613.53221,8076.0,5156.880541,11723.33088,7053.482091
Fiji,54.97392256,24.71508866,14.34334572,383.0136441,6.987600195,0.641342835,67.88972727,4.306098467,115.0614538,304.0763889,92.46223418,30.14953675,539.3889468,363.7972832,88.90343386,249.1264887,2571.356408,866.6475302,2134.691366,1669.304586,885.5265209,3.152920923,9.729341249,9.809117153,669.0987713,286.22,433.4202228,804.0173711,590.6932251
Finland,1.13796829,0.873044555,5.3392788,17.73701247,0.241819451,0.028148808,4.468583429,0.036709896,30.87398876,325.4036914,2331.733999,659.028087,1874.74857,1929.866019,117.8465258,1881.760837,8900.770706,6240.135995,6021.785741,12136.29975,5638.935713,0.362888008,0.115414602,612.5567621,1126.930413,1117.99,1895.657595,2900.496616,2576.573685
France,59.22350104,28.99232037,156.931806,145.1098772,10.2928177,2.416331156,2788.45592,1.844193611,667.878784,3616.94651,38820.82835,5367.317449,13606.33325,10492.90235,2373.429389,12724.78148,65806.68498,39299.84799,45053.72998,79549.83043,79002.38066,6.572422796,0.555334794,6641.998061,18991.52329,19174.22,14078.12618,20953.00103,13357.80869
Gabon,253.1413614,176.1966828,224.673971,100.5399201,43.67330572,4.166323952,176.7017788,24.08931844,378.7544732,161.9517061,776.5947179,76.08443702,112.394104,265.0590046,667.3807288,130.4554975,1523.477225,466.8804665,925.3701287,1585.769733,645.2545284,32.01592363,39.77231701,41.54694839,674.3556037,576.76,245.5271754,339.3255382,253.6518612
Gambia,504.4311554,368.3039853,450.2708037,1020.225661,56.41983668,4.811702365,660.8776817,65.42131718,771.2845389,310.1052748,257.2689612,104.9915646,540.5858759,385.2473413,851.2117374,147.9693921,1185.493644,296.9761676,749.3800148,1831.73231,668.5313252,124.9881626,120.1374776,64.4761747,1281.180716,268.75,161.629751,481.1736429,346.5524845
Georgia,8.558750592,8.135307779,16.30380261,1898.07301,5.717857153,0.367783655,25.22553006,3.518466014,167.3041872,1674.251758,1915.20919,462.8783588,3928.575411,2874.041487,259.8440765,1862.776738,11936.31452,6657.486963,8434.537193,19388.65803,6798.576039,4.001671696,2.23137173,128.1594192,4208.058612,2357.04,4489.689497,5482.297249,3002.023004
Germany,116.6379186,88.07582295,249.2797063,599.1877939,9.514817401,1.287860727,309.6430756,1.171177178,956.0583462,8161.016341,46903.60379,6660.275307,32787.56367,28097.11584,3050.634662,28606.75619,155360.0249,95109.5912,103098.5621,204630.2292,141530.7646,7.943063973,1.068476378,6791.581421,41838.76759,42060.97,33036.69646,43426.7268,34236.87282
Ghana,6144.396115,4344.982818,5685.703735,9780.683538,767.0133992,46.76112096,6610.529844,604.5786767,8782.931448,1680.167941,17417.65972,1556.203394,1451.960965,5010.574563,13678.84669,1705.930727,17736.48719,6199.959165,12387.25733,23548.35479,5839.357332,363.2456644,1399.760185,930.0929331,15080.08265,5359.29,5765.841047,7501.928665,4199.410556
Greece,0.853371501,1.356160898,25.73504268,78.06931686,2.275518861,0.076036287,9.32539183,0.584412055,127.4499313,2692.009115,4500.040462,481.1211148,3012.531449,1925.29426,356.4507722,3957.232071,19419.93206,15694.56044,12381.18763,25439.94531,24401.28492,1.60557044,1.003594161,395.39065,6943.88579,7018.09,4311.091014,8065.705714,4008.232333
Greenland,0.078375783,0.153267094,0.120234848,0.352893262,0.101101765,0.014578161,0.806491242,0.026595888,4.024813316,10.12148625,26.01427123,6.926711381,11.86216565,7.630539888,3.954720787,7.382622056,40.68964747,21.82443579,38.07118885,53.94851035,117.6802254,0.020515664,0.054134996,3.282182866,19.55569078,19.5,14.83555516,18.19360385,9.722607154
Grenada,1.238348087,0.562962351,4.424108533,7.418297398,0.272381969,0.008992934,4.798183035,0.124478921,5.902204756,15.26167292,46.92662076,7.061626097,30.6119339,38.17458891,15.4779722,35.50066763,261.6700415,58.54721927,138.9306439,239.6840327,86.42423167,0.339295456,0.086873503,3.993811239,80.84890133,73.65,25.52074706,71.80102749,48.25750245
Guam,0.779374377,0.098954402,0.67256601,13.05850548,0.470226606,0.004424337,5.861508203,0.334376053,12.67066364,33.4186558,3.47624617,12.52249165,24.12066553,52.4109468,9.03923077,45.37594775,300.9812556,198.6367265,264.5595043,340.6856543,115.8517895,0.27208029,0.407844715,3.816309324,76.1937832,63.18,114.4396322,106.1295951,92.99269886
Guatemala,2236.886586,1320.829479,1200.073535,4559.077995,390.9077983,31.83338724,3672.571076,795.3164654,2167.074332,934.9517283,7673.751448,1924.827493,2315.8942,1803.839917,1473.196107,718.4595609,14293.5206,3720.232087,7355.504601,10405.19176,3768.877151,81.49011427,361.2133982,329.0342043,7184.908988,2654.26,1239.436484,3204.760372,2302.518743
Guinea,4465.4722,3317.605362,4101.465255,9235.509168,1041.464858,43.41973745,8290.817681,1460.25519,6227.011173,1077.224008,942.7306694,361.076143,1875.754071,2022.810387,3388.950821,878.2657382,6744.35193,2809.965261,3404.708629,9574.876216,2275.048677,684.7519852,1498.894326,311.4527216,10514.31281,1339.81,962.0721505,2703.511925,1967.667783
Guinea-Bissau,1127.927933,841.5056107,750.5188034,1005.611517,120.6939002,8.182947931,1006.873378,177.1142034,1004.256368,163.571309,645.4710906,79.7620461,413.704418,359.9831573,1330.509683,110.9656971,1017.440415,577.9793213,516.44336,1496.152441,318.8683091,47.22688478,442.2205218,36.61094236,1181.164072,182.03,140.2719198,392.8339307,263.86296
Guyana,36.77226814,15.94008641,38.30350607,86.83399041,7.37149688,0.669027112,60.94203335,2.890090349,115.0192492,87.62966954,356.8958572,62.77309237,318.07153,218.5049369,209.8775273,154.8503372,1220.060775,530.4185103,827.7169378,1235.545849,412.0556424,5.535642074,3.313214564,17.01566812,360.5426774,274.26,92.72184014,383.1977541,267.1115454
Haiti,3099.379183,2306.543665,2230.958735,6786.312551,1119.566632,78.50778834,4062.869048,562.7556524,2848.149399,828.5760715,3899.777922,486.3788352,3446.052186,3473.323822,3793.615956,1704.110476,12659.69562,6261.857192,6036.081977,13522.37958,4007.012847,359.7228353,902.5320985,250.3726983,7853.985523,1128.25,793.5888656,4704.583996,2881.738056
High SDI,1591.741317,1049.690864,4058.079662,8617.500741,354.0348785,52.03368342,10838.22832,71.41824779,17443.37676,121858.6917,393179.9122,164923.6766,305543.4259,218469.6307,41960.05526,269815.2985,1397456.762,,1067769.454,1721807.626,1560497.733,233.2015092,83.77158536,73850.06699,440567.0065,441661.94,407180.1164,447923.3722,320033.0887
High-income,1796.549832,1156.603551,4387.840888,5213.070752,396.4767036,56.42655402,12257.37047,86.70984444,18837.11069,105492.8008,341513.9679,161178.1205,268866.301,203898.7944,43564.05166,243559.6627,1323447.094,,995756.0821,1567469.785,1437663.52,306.5005564,108.9152836,68592.22064,385734.6056,388438.45,345894.6241,408642.5457,288778.7186
High-income Asia Pacific,602.6756728,132.1489827,1592.367603,132.2117554,23.44431706,2.742626534,1062.072404,11.39068355,768.3354637,22118.2863,25812.01377,10964.81038,50924.27997,18995.10302,5822.650997,38443.36406,161002.0207,90344.5439,74741.23168,231199.603,250755.2542,18.24847023,6.597045425,9291.300761,68267.72456,69470.29,100357.1212,51402.45182,37219.85417
High-middle SDI,8640.700539,2722.894712,7209.063667,102980.1071,2339.007513,123.5823019,17517.3279,1354.272978,49066.27102,301209.9043,745617.068,138651.8513,607756.8686,295257.8041,70546.24277,384687.0695,1344879.831,,1308422.451,2838257.164,1905959.626,862.7289408,1452.637306,52394.89258,910180.773,832368.45,1054593.749,847429.5413,541586.3167
Honduras,791.7527055,515.4148383,205.5197213,1974.234484,84.3940815,8.770795514,332.4717305,37.36888546,904.3381564,770.4259185,3030.795378,693.8307465,1521.700803,1757.371038,224.1832953,857.2904215,4893.54775,4638.747001,4497.029056,7606.051588,3974.176885,46.92635462,43.21150691,137.7016309,2920.909061,975.88,990.6078463,2167.038229,2143.881475
Hungary,58.49692871,27.64040344,11.37405237,1607.055114,3.24126968,0.279427013,19.24241897,1.15267958,125.1948221,2371.546302,12113.31894,370.346733,6333.419274,3417.922304,506.5598649,4325.995371,21433.82609,21506.96794,18739.69215,39078.88105,24006.57661,1.443505415,1.949750477,839.7870964,7771.24449,6310.64,9295.721906,8945.591804,7657.512005
Iceland,0.135714798,0.090809255,0.690952171,0.810299447,0.06528222,0.009793274,1.394035484,0.014717807,1.904760978,22.69058325,28.33133601,20.86919351,50.20072078,69.67297413,5.81325346,68.43589312,330.452588,250.6545558,228.3045015,374.0254785,322.9597172,0.008428058,0.041967086,16.59388596,58.84218574,58.93,58.12752772,105.7949974,91.98507358
India,569679.1687,328719.9721,257783.857,481737.838,33415.29006,1611.15161,207270.626,45424.68429,259862.4736,225812.8421,580499.0008,53281.22336,398063.3872,253495.0371,88619.35375,174895.731,1003224.995,707776.515,532151.0213,1544920.203,894371.5186,15245.43143,54836.04043,93208.78874,1240528.7,818803.38,198708.399,521311.622,385013.2656
Indonesia,49461.09336,21593.45222,14940.84921,68117.24151,3486.518009,239.6365124,28546.18616,3818.764221,25853.7166,45314.63998,20053.39524,6837.09206,99894.40798,84149.44233,14615.86144,34355.80027,333489.5292,122688.4801,139963.078,427217.7204,227477.4228,1601.896639,6163.268117,7875.30402,123752.8197,56780.92,131798.2582,92482.62811,67921.10139
Iran,442.6572973,129.0840937,337.7762603,172.4390297,137.5983307,4.687675538,832.478738,75.12431323,7313.453063,9103.83144,855.9738499,7021.533983,8142.512795,3375.202661,866.2573671,18963.76688,71193.64939,46901.26806,53085.66467,96839.30425,38921.0035,65.71332243,46.01374043,1842.806493,29098.20068,29395.34,14018.53588,32356.24263,14973.14275
Iraq,420.9160943,208.3674961,118.4566865,45.5348469,382.9094012,22.29506776,1705.230071,271.5978752,8552.720143,3102.616392,862.4122154,1116.606079,7118.819666,1771.48096,234.1623182,4268.288386,21105.71977,24766.08916,18241.98409,29013.80449,11420.08598,69.76419545,312.1689309,218.2237357,9427.165331,9452.45,3430.126592,9889.316653,6499.692859
Ireland,1.008425766,1.592374723,8.922604535,17.47594454,0.862228017,0.160183114,6.249887795,0.122662112,63.91811901,400.1789123,2136.212591,322.3276713,673.1636256,779.9034379,111.6530382,901.154526,4655.276651,2849.009386,2807.653149,5797.072181,5694.098105,0.50021094,0.402231014,146.7494691,1111.469488,1107.47,975.1800016,1076.270677,1133.452726
Israel,10.41735259,10.36316564,21.22652344,20.50846398,3.733435692,0.584737476,35.69001908,0.668890649,163.4930754,503.7689433,595.2556719,276.1161369,681.6137712,290.0595524,182.6999264,1086.307675,8907.742533,2871.039496,4580.674992,7409.372395,6092.146989,1.999299727,2.335247569,239.2236954,2596.509113,2632.63,1210.986097,2075.813905,944.626058
Italy,37.46756872,26.27396812,109.0666238,347.4184625,8.149997568,1.043498858,232.4611182,1.276688279,471.7722297,7436.231258,26208.16071,5107.373914,12053.07594,12043.47959,2258.162825,17595.90436,104404.6921,52721.00678,63364.94146,119779.6658,84848.16327,3.261208183,6.804550858,4576.629908,29368.17834,29742.42,21296.25052,31261.16839,17271.26902
Jamaica,23.53363003,13.36471459,47.24814763,269.7936268,4.178423985,0.311654373,67.11077207,1.166980101,303.4673964,312.8970679,836.9173964,92.09450992,662.1902307,516.9644317,559.8113339,544.1551023,5284.418635,1164.464779,3060.803121,3877.457604,2157.549729,6.829066648,1.389020938,41.03073795,1231.624543,971.24,388.0685602,1379.403291,735.904129
Japan,470.6524032,103.8518847,1368.37199,117.401495,16.93321688,1.978955415,957.449274,9.567041981,311.2855203,17858.08241,12904.17872,8556.643593,41840.31182,15455.97972,4400.129611,32059.7228,114239.6945,72803.48582,57112.69964,197006.2977,200015.9569,9.611730597,5.289311899,6850.317717,49553.62073,50406.93,82182.41178,42023.85341,30752.16308
Jordan,25.46790027,6.528737219,40.20458008,0.951193839,50.40980063,1.675785269,163.5848367,22.18915219,1538.630899,720.1625597,100.4415624,245.5057548,1274.050315,564.661906,62.89620254,683.8356619,5201.359246,2731.819786,5265.708715,6107.130028,3337.478597,12.81771024,31.53380345,69.65783016,1949.086018,1970.75,725.2226919,2027.851066,1197.440559
Kazakhstan,39.48368285,38.96155659,78.01150806,2001.41355,72.14531342,2.105590609,349.2408219,44.33988228,1391.346631,3541.8669,15036.91214,2644.532039,10208.06584,1021.111176,776.6673335,5192.970591,20919.2336,21592.61116,22276.09773,36869.88688,20075.43204,14.29605679,45.53767861,233.6133895,7996.20378,6090.42,10125.81264,13911.22527,8466.414029
Kenya,17002.71059,12869.22775,12624.86118,14000.26977,2619.51402,130.4302507,13801.22553,2578.586369,11932.2431,1996.776462,20882.97775,3272.059467,5837.20921,4340.44139,42709.18373,1184.992156,20047.13158,3184.314063,10046.42384,24324.45868,9780.153392,879.7781244,4121.235542,1047.312145,18890.77237,4999.29,2641.667407,6384.948028,4079.656359
Kiribati,26.09366628,18.34456318,7.358396342,90.9534813,1.72025468,0.164661551,30.49310782,3.295345544,32.45654254,36.98038486,16.14292648,5.636469225,70.63632119,46.79900717,20.33031453,20.30252017,249.1567641,67.81937497,187.0159847,145.6968938,178.2485116,2.640617241,5.981783641,0.62406709,102.0714293,11.54,29.67035029,89.78154758,48.30550422
Kuwait,2.942112179,0.473154489,13.99716888,1.141859084,3.175009604,0.132135668,10.73825694,0.723877809,152.8742585,249.4836822,23.31530207,107.6826141,415.4550423,111.7481521,17.51369601,318.6665975,1204.994657,1157.762308,1658.989499,1847.038137,1074.331136,1.367990991,0.995120876,32.87930693,831.5268709,835.96,315.0863811,705.1100149,475.3705579
Kyrgyzstan,75.65249694,84.23096909,35.6754808,1225.270817,56.24407849,3.201384733,277.2159899,60.41321874,1258.289722,883.795143,3199.33249,723.7820816,2737.254403,811.1252001,285.9126072,1160.548284,5307.627978,5161.687552,3963.391123,8716.363626,3800.929919,17.95433265,40.56026553,50.13539837,2813.060414,1634.2,1934.641291,3727.634193,2417.312171
Laos,1254.914047,917.7442513,642.5306306,3807.295316,443.6176717,18.79312525,2106.905153,613.4669359,2409.088059,1416.668485,1710.09601,198.5555507,2020.430267,819.1919251,695.9110426,559.9382202,6367.72115,3193.325483,2894.364172,7897.924013,5375.053054,88.88712703,531.4445109,160.4084261,5009.83308,1255.11,2489.555373,1570.701718,1508.726074
Latin America and Caribbean,14707.54276,9128.725854,12263.75356,51351.18083,4496.800873,416.3433574,33680.91609,2843.675471,41629.91718,54727.32026,212156.8302,39730.24346,80981.86611,105264.231,64994.83573,74044.17838,489968.7462,229098.5636,433730.5927,577424.5321,328308.5771,1746.288727,3296.865117,17652.84816,194533.7116,145565.12,101781.9968,139572.8679,128844.6966
Latvia,1.677991056,0.988214206,4.498540364,177.1763735,0.698804233,0.031535592,3.337086078,0.278568552,17.56488838,552.994876,1900.997983,275.4629562,1864.561207,1117.690934,159.9038889,1381.452665,4780.210106,5438.906669,4485.935004,9300.104193,4123.168757,0.350486622,0.039017065,90.87423049,1457.924101,1285.35,1827.807106,2521.817151,1812.930758
Lebanon,53.43886993,3.930949769,33.34340204,0.589056526,14.85041658,1.285199122,49.5841502,5.18315993,398.2807848,1049.968708,495.4789082,561.0621094,1153.911056,430.1230952,152.5934553,1533.716808,7397.578714,3590.868263,6599.650428,8072.699227,6405.711047,6.767221183,7.272366134,147.9309833,2761.544853,2799.98,1075.460236,3156.006768,1163.734344
Lesotho,1024.192991,780.9189204,793.26337,1152.826323,98.77648739,14.12440564,600.0842578,137.824451,528.9454614,470.1928027,2687.322097,222.9435091,897.6358155,542.6691709,5820.436267,194.3701095,2997.806103,432.7730413,1785.347195,2704.745487,1852.831943,36.37959314,165.7724477,43.78315582,1722.327932,592.37,282.5378529,540.7442703,467.4745953
Liberia,2131.807609,1533.158445,1489.624799,2121.609847,241.3330353,26.61302566,1912.736639,446.9375487,1471.634642,289.4087423,1345.891498,142.7223962,764.6508953,656.6837449,1834.287651,266.8645219,2122.123949,875.9169199,1426.662202,3010.031294,927.9646239,257.8122563,611.9286019,75.03240005,2328.974469,215.03,245.5233507,837.5824582,584.4000549
Libya,36.5786725,14.66854054,46.74516384,2.028311718,6.471061208,0.836118927,61.13942755,10.31741606,319.5785177,1010.247218,76.4674633,873.7039315,1771.760171,1218.060718,179.8458737,1400.26774,6870.042997,3324.81203,6438.242013,9039.287189,2751.850828,9.719137724,9.861534123,145.7855842,3061.470802,3096.53,1043.190009,3245.570468,2329.983533
Lithuania,4.048682034,2.51121125,8.331899168,60.42250869,1.340463656,0.111740607,6.358617843,0.567096312,24.48616356,640.3256994,3944.790396,450.1928761,2361.692897,1799.529473,207.9759365,2231.970889,5747.41673,8371.353363,5983.945132,14129.80629,5641.804972,0.345757204,0.072584571,163.3735544,2054.470278,2004.28,2798.715004,3582.358993,3186.895666
Low SDI,588585.0259,413514.5453,362004.1352,591509.0894,74798.16772,4484.840762,537776.8888,112880.9856,450953.5468,148849.7264,324179.1104,34965.3299,292753.9909,211933.6086,250239.6442,93320.99988,640579.1015,,270555.925,903825.5765,587759.8865,30870.89919,132379.9573,39803.19333,1004890.397,451560.34,133748.1373,290368.1893,209871.1699
Low-middle SDI,500008.3184,304610.8111,275344.7052,556785.0339,69698.6338,4398.279863,414845.9753,93695.14527,436708.5057,245045.8847,523806.5013,91680.09358,490201.4685,301045.7709,359607.3602,204645.1392,1258345.632,,803000.643,1886364.963,1027021.353,23065.7364,84046.73957,68750.24137,1175165.638,654282.52,364847.3576,615299.0431,407305.7686
Luxembourg,0.414879134,0.231628928,1.241083796,1.350808507,0.101348187,0.019560729,4.719461762,0.014719256,3.078814381,53.39469847,417.047775,48.31013789,34.85389006,93.48352502,13.92984135,106.0486242,663.8734943,310.7585365,435.1768872,779.8720299,670.861559,0.078969915,0.056121587,39.63368299,167.5861106,169.95,145.049547,163.1449174,89.49976814
Madagascar,19564.47249,15674.02116,13184.45885,16691.15253,3087.970205,238.7653641,28198.34843,5662.71131,12038.52895,2329.658142,2882.482695,544.3940717,6547.399754,5155.406168,3773.152186,1039.984734,11664.42214,4808.597603,6025.646136,21904.0851,5820.852189,747.3166763,5401.475588,381.9446401,18721.66734,2096.01,2734.968443,5473.361473,3130.81945
Malawi,5894.020222,4536.228233,4521.032699,7628.329421,528.2594309,31.57087283,5312.560747,1110.892949,6126.035805,623.3094211,4234.260739,372.3588376,2416.803392,2093.327102,17021.6627,774.5418355,8828.112541,2444.896504,3612.495189,11316.83044,3825.578819,287.4706594,1460.885096,435.6405611,8772.480513,1220.37,1330.65056,2016.387337,1928.745049
Malaysia,334.2735181,40.8896257,343.0909116,486.9610513,34.64279848,1.452499965,244.1061543,26.67441277,792.6379962,5436.198455,7002.82114,1704.398649,7617.872181,7425.815829,1531.584807,4708.038875,19366.0195,20444.83881,18260.70939,38193.14543,23650.09053,51.00860148,8.222152828,714.418531,11352.32804,10929.12,13853.16549,10663.79243,8000.009437
Maldives,2.741948649,0.892391703,1.816775572,15.53697747,0.216626619,0.013543072,4.589128486,0.299488673,16.62903722,40.08776302,8.487894067,10.20060074,37.1307784,45.75878438,6.400966615,28.74984706,205.9833382,134.4171743,99.39338226,280.9393163,170.493631,1.442297802,0.281407579,6.423258628,55.5654545,40.88,92.56779358,85.10846955,28.65773356
Mali,12923.2201,9918.904782,8346.082498,9957.977199,2003.907337,146.3510212,18905.8235,2341.113987,16260.78534,1260.51601,2116.729527,453.7082716,3159.25597,1967.309015,5036.817339,1000.775682,7575.070807,2259.357,3617.811797,10331.90705,2594.435775,974.1386271,3658.137574,327.5462592,11522.07621,1658.39,1094.936491,3081.551897,1862.466595
Malta,0.090770596,0.089591613,1.106196584,2.569464549,0.101760516,0.005451143,0.868383157,0.023812012,9.293778669,59.63602542,-10.18857116,21.15206609,142.8618257,45.40391902,10.56524885,169.9263468,854.8217906,413.0216737,461.959269,899.6347739,627.1903014,0.102004553,0.047587636,26.06101002,217.446264,217.86,151.3943181,277.8562043,179.6645465
Marshall Islands,1.166944569,0.616823234,0.781616815,16.50041221,0.34803965,0.008166454,3.90173713,0.456049607,7.716216673,13.48514548,3.166405801,3.313615241,28.95252939,25.03052599,6.019270161,11.63954494,96.64162394,39.02064628,71.80974877,86.65315461,43.09421408,0.749420652,0.844759415,0.772267646,28.14050718,11.65,20.24769296,40.03276744,24.5652745
Mauritania,1219.752279,933.4245629,810.7938795,961.5500531,165.6225499,8.863296632,1134.859011,158.1583469,1221.393113,236.4719069,162.6424969,87.4307606,762.6077369,560.3760705,217.0270715,258.3465586,1995.243243,752.1790877,1510.200288,2616.372799,526.5809138,149.4033589,184.2644871,95.96473127,1658.498704,705.79,285.7235374,834.1812355,471.914062
Mauritius,4.865364407,2.505636844,3.13771544,52.70215184,1.756371336,0.106801833,22.47266842,0.995337828,59.44125794,389.7604941,237.6900144,104.8156889,596.6551011,344.2657356,126.278253,285.415446,3700.107113,1023.037664,1941.412891,2633.499189,1125.890983,1.815077411,0.647875051,25.68731393,754.8073952,704.1,920.3968699,840.351745,592.0546366
Mexico,1741.341968,1000.457584,1207.638739,11727.4787,687.3604058,67.55989504,7660.480187,347.0517476,7221.957905,9754.307556,52225.01556,11645.7604,17182.95798,19070.70814,10577.32407,14314.15416,176933.5296,44851.16407,115425.7322,116440.8065,51575.45497,189.5552966,559.8583332,3325.87283,48071.2524,37367.52,11084.55847,17237.42313,29312.50992
Micronesia (country),2.022682583,0.965161226,1.129927418,36.08476137,0.377558091,0.009997486,5.001116532,0.372699419,9.839391732,24.43777326,1.718354061,5.280949958,49.53238048,42.09821568,32.71769528,22.39290934,189.2341372,79.1851521,146.2298211,142.6434602,80.39511966,0.876270394,0.524512872,1.601715019,56.86154478,20.81,35.95764866,69.93390386,45.25470552
Middle SDI,132952.3666,51943.97779,58216.27501,374557.2002,13651.91504,943.8347353,95202.99457,12542.56194,141471.9351,395848.6318,843368.6145,152664.8888,713921.3101,429872.0088,304322.059,305556.8988,1864091.146,,1257175.893,3041735.931,1976935.949,4783.827176,14673.13973,91206.69293,1340931.889,974878.16,1207526.091,849935.948,575741.5826
Moldova,5.818296904,5.06867198,28.58343705,525.8492048,11.67208687,0.167767951,22.68195326,2.687222454,145.2070242,831.7009917,4187.750827,701.7515673,3292.673089,2035.897026,279.7502071,1711.158055,6932.151702,7450.163789,6589.065543,15719.47926,6386.435459,1.398334748,0.597923735,81.59086092,2786.898278,2279.02,2261.243038,4008.785151,3321.972541
Mongolia,20.62649377,18.00937988,41.22880398,691.9501129,34.69214877,0.313620849,173.4599973,42.73073747,576.1409552,414.238747,2570.908762,384.6964017,1782.741874,1158.779508,148.8995044,336.5749837,2325.344861,2050.941955,2764.568372,5050.109657,2933.948223,8.256965717,25.63658859,36.0487568,1663.795674,980.84,1258.929783,2000.74094,930.807648
Montenegro,0.350340541,0.048509098,0.507556816,169.4593057,0.23346798,0.009933095,1.330805916,0.086713557,10.95453825,220.3764565,862.9439106,44.42851544,165.5762037,33.95036692,26.2211702,176.3680793,1510.860508,766.1598478,977.8797889,2188.70146,1723.68107,0.076820755,0.118981937,14.10183482,469.7841388,302.73,485.3248695,627.3285207,302.5029282
Morocco,694.379828,224.7315196,462.4675036,681.4231777,272.5298066,29.93223773,812.2622405,124.9266413,4389.416171,6664.739543,2998.002399,1650.233221,8269.112962,7416.9086,1412.989502,11835.6842,51256.40838,24247.02105,38977.38891,75706.58482,18401.83116,209.1825493,288.2300251,615.1683034,19695.78414,19174.84,8040.339767,26035.14299,16913.36342
Mozambique,8984.155174,6869.588581,6701.556132,12820.77274,1253.631766,81.48260979,7784.087434,1355.102856,10723.79353,1617.884899,8520.150698,1120.45585,6595.652759,4440.09531,45067.56049,1063.596061,15412.5616,4282.407343,6459.332024,22172.41146,9799.240138,748.4590392,2094.919686,631.4438644,14472.7527,1728.29,2452.546228,6119.526641,2619.853967
Myanmar,6549.454225,4154.676504,3764.979264,27891.18245,1042.212216,21.65709013,6148.924317,1041.491966,8683.247312,11397.33609,13213.4681,4842.441342,16760.22173,7406.034688,7233.455766,4067.655928,65988.40531,13959.91224,20040.66648,51775.23233,68091.86506,505.973102,866.2235481,2591.87344,45383.15542,19001.33,16705.29554,13244.07783,7624.470037
Namibia,625.4598251,431.2520643,353.0063385,568.4969793,79.83385119,13.69980773,527.3952882,60.95657068,479.6969166,209.6855322,1330.944879,163.7654738,510.6002789,356.7541246,3493.872623,209.6978775,1825.373027,477.3780297,1070.313708,1945.146052,1148.135903,12.46433154,57.30006828,39.18648198,1029.194473,479.15,222.8925094,480.1418939,341.1679098
Nepal,8932.552896,5369.359435,3552.749381,11191.43701,328.4303995,3.656338041,2261.589642,347.0897636,3994.873722,3683.799503,6325.414888,931.2663359,7907.789447,3987.924618,2891.400292,2755.501227,17698.41917,12530.77403,9139.502306,24711.28159,23557.88028,346.909498,333.2197165,1547.486979,25689.07005,15894.97,6567.020246,8114.633353,7409.352269
Netherlands,8.141680716,5.381881905,44.18826494,30.81921894,2.551179605,0.283841807,91.83605338,0.352721628,209.7482536,1783.052935,5852.285326,777.229903,3186.386343,3033.567657,462.0344666,2933.376763,21353.55925,9625.34565,11861.4315,23499.83585,30790.92606,1.928514934,1.048549532,1753.439058,6713.653507,6824.72,3285.571704,5199.904768,3094.032935
New Zealand,11.35803437,2.538070102,11.54919924,10.12420455,1.224841109,0.118205969,10.1908601,0.299947662,93.55937779,322.0915778,1299.482586,293.4430018,890.3989799,774.3025779,92.24908593,1118.640198,3814.429412,2707.165294,3587.352113,5473.529557,4204.82343,0.683018737,0.078628795,300.1740875,696.8085875,688.83,1124.191026,1498.388161,1175.372102
Nicaragua,126.8626405,87.70075972,74.70525557,983.5000644,58.70769246,4.116857129,238.1747741,25.99107086,564.55214,411.5629078,1440.51091,405.5525163,904.7384633,909.0662864,825.542105,394.2070129,4459.430782,1708.09416,3123.735289,4860.165543,1474.870867,10.2521954,11.64987371,106.6228825,1508.898905,537.51,632.422371,1012.964138,982.8619821
Niger,18585.64401,14623.78297,12166.54542,12318.90686,3550.993099,305.7451028,26844.36562,6808.821371,10822.83981,1150.032596,1035.589003,227.6265635,2796.463934,1677.715413,2632.953615,682.9954735,6050.774368,2652.020037,2552.110244,8654.136772,1614.269819,1008.54527,7263.800332,274.7603471,15427.92877,3203.47,806.3081218,2757.392674,1299.417252
Nigeria,116192.2561,72650.04621,86843.92095,64226.19331,31456.88661,1889.72316,189924.2335,49125.42463,119824.1247,13792.60484,39517.06615,20350.10968,16276.45163,11810.61593,140844.8009,6916.512176,46112.11769,16788.98966,25869.46454,79218.91495,13479.00976,6057.358077,38201.77865,3118.159753,114114.7351,50401.07,5519.306369,20224.0243,9565.279039
North Africa and Middle East,23986.20419,16401.72849,14856.7548,35915.42216,9864.333802,643.9358538,49459.69164,10980.27116,95034.72947,71124.32634,27504.91646,24826.20043,109430.7761,59922.69128,12124.41355,112596.9115,487095.4768,337099.976,435633.2461,689635.536,303889.0579,3624.986788,11547.02027,10395.87095,264283.0447,231869.84,84526.65885,244425.7462,158233.683
North America,344.6524327,638.0582989,887.2626009,526.7368451,204.0849528,36.93814755,4886.264602,24.07443697,9365.494297,29077.16679,86243.57743,109242.7588,91258.34642,75680.18761,15577.71536,79656.02908,456907.0753,254177.0094,441708.2869,496829.1022,471499.5617,154.3753362,31.67596431,23353.47751,115363.6203,117588.53,107242.6716,145089.0957,108596.9284
North Korea,190.8602132,185.3139757,131.7311575,24066.61699,124.6299931,7.065524544,1144.147581,184.240875,1537.785929,10037.85624,7861.192301,2535.752628,16725.23641,6070.795605,1864.39047,4612.414978,22287.64381,15655.21403,7938.282442,52742.39102,36468.37282,54.87972024,135.2620964,787.0176699,38767.70567,17528.77,21153.63969,15045.67234,7694.794092
North Macedonia,2.43355817,0.947036251,1.112988207,410.9900201,2.992835336,0.16411288,8.211119015,0.791584552,105.6608738,696.3649779,62.2676835,118.7576429,1020.310611,314.8926789,77.88860232,670.6598828,4433.138371,2488.76626,3244.671236,6462.676859,4278.87689,0.340580572,1.663071997,47.49648279,1663.185123,1268.61,1516.388024,1986.294515,868.7079809
Northern Ireland,1.111904682,0.177911702,6.923081936,10.18271874,0.51698582,0.078175206,4.182067953,0.100690209,52.24828203,202.990991,715.0649656,134.603047,505.95809,363.2042274,53.38397572,433.7007993,2043.819235,1434.067238,1430.701744,2584.254366,2183.611622,0.37705268,0.258036602,89.32230348,595.7299956,593.07,312.3388855,661.0011313,467.4191045
Northern Mariana Islands,0.264947261,0.044064726,0.170190608,4.870764191,0.023578979,0.000519522,1.201650885,0.025098006,0.920444232,6.689776739,3.655431551,2.630261204,9.090919234,10.00574089,2.840565972,6.611407337,66.06398528,23.81911665,52.37048667,57.74484163,26.34862507,0.044828361,0.041270095,1.068853369,16.53525658,11.92,17.63864124,19.76291886,13.30988554
Norway,7.330399073,4.87614787,18.8690378,19.609694,0.431110605,0.062134466,40.38796606,0.070918504,33.63818086,387.9268683,520.0028284,415.0875699,770.3656546,1097.78309,134.1329403,1238.051992,5852.469547,3879.525997,3343.835192,6934.757416,5898.261646,0.322004894,0.238137768,499.4698657,1152.865647,1151.81,1014.081169,1762.594171,1252.415609
Oceania,2980.070163,2287.698729,1430.59683,11033.18378,274.7825744,32.43024334,3289.824411,626.1419199,3213.824044,3767.186436,4989.823106,582.8187699,6249.552947,5418.013827,2097.311758,2102.633568,19361.66542,7805.209049,12408.38253,16045.42567,13687.0514,532.3629521,377.4258659,193.0077636,12766.87007,1746.7,3568.774447,8544.536265,5279.398465
Oman,11.56450219,1.037748824,14.25900917,8.203509975,3.16338975,0.125688437,27.17326093,3.295102494,300.9102731,274.5124418,81.08148379,108.180396,53.94703879,365.6066729,141.3942919,405.3630285,2055.823623,1752.662197,2009.293083,2798.274935,921.5833604,3.169033234,2.223574765,71.78196575,902.3136955,897.37,408.1114098,976.5408582,775.3900326
Pakistan,49851.42195,25963.82908,20785.2378,59080.23598,10393.67624,783.1054038,47478.18662,12171.01091,91614.38154,33524.51263,7948.410684,7424.473481,73998.38823,62132.20588,5369.931485,27757.44742,161493.5114,112797.4333,100934.7083,226593.8346,128588.5322,5287.023525,7361.333277,4131.182378,128004.6209,71960.58,56849.39653,94133.80806,59704.3606
Palestine,25.70535633,5.56471695,31.6159853,12.20669036,9.763170644,0.57719023,48.67312689,5.385538472,703.9669842,346.464793,27.51387061,102.1795362,803.3346201,566.6557925,36.49858328,553.9968994,3189.733154,2767.30654,2221.831089,3091.643059,1138.537368,4.111949099,13.15677825,30.60314226,1124.295045,1122.7,331.5344432,1242.402332,846.3569466
Panama,99.13371146,56.6587518,60.18864587,242.4311302,32.37538681,3.429897403,209.0361177,20.58661416,238.1514823,198.4662996,1259.841797,205.9831243,515.2561776,634.9654248,699.2863663,314.7714658,2816.275936,1277.575349,2103.848212,3309.636145,1541.893804,11.31803548,12.7578044,75.11308899,853.3221532,616.08,621.814755,699.3905203,669.1457832
Papua New Guinea,2659.900377,2064.604586,1284.44975,9068.837789,240.5095694,29.30958087,2868.139214,564.9193657,2676.771669,2857.094082,4536.709792,434.8944221,4714.196499,4133.580998,1712.274758,1421.504919,13023.89087,5723.667573,7691.325067,11067.7296,10566.14722,480.8689624,320.7786715,132.0712332,10163.66343,1105.87,2367.244012,6293.196548,3723.95546
Paraguay,102.8773214,47.0101911,101.122424,1326.430817,36.55111819,2.660165402,333.6277556,10.61874396,322.6405742,665.5687452,1729.486658,263.9793905,1248.828046,1183.801151,1031.061579,681.039422,6206.709881,2712.172295,4314.690932,6477.083631,4293.22832,28.58216396,25.15229169,166.442377,2113.024429,800.78,1279.370678,1763.204118,1247.946383
Peru,723.3918078,509.0980271,965.3601122,3775.025716,135.9000267,8.093662866,1439.616099,165.7385396,2156.178315,1527.596908,6287.707202,1280.809247,2582.918135,3091.352529,3133.339274,2167.595805,12426.93071,6417.795421,12090.74473,16083.03585,7048.791114,102.9170633,159.7356882,620.7683646,9572.579604,5839.56,4347.926317,4468.679816,3905.034459
Philippines,5507.287301,1467.362329,4213.799108,42000.06841,1709.737193,183.9803938,13531.88666,2392.796413,14396.03639,21407.08577,29506.90953,3498.67673,20990.36453,25698.27733,6148.430598,8830.769528,125938.7476,55522.72187,68559.41623,137091.3203,93737.16162,364.886385,2045.77382,1518.154438,64386.21121,22638.53,43476.86623,34100.73398,28518.84009
Poland,73.94310044,12.86688507,67.9541971,2399.674725,6.335232305,0.328526185,105.0079915,3.309129252,590.6541692,7935.864804,27754.50649,2523.050205,21061.21485,9768.557067,2284.30494,14376.97223,65170.75542,58196.05282,55277.22012,87936.19457,76482.20545,2.199411728,4.570422366,2330.879772,24629.35104,22520.05,19666.28717,25600.41686,21165.65343
Portugal,15.56479995,17.74855062,51.16219076,175.106846,2.938420012,0.309353426,88.76102579,0.446909263,72.95249097,1557.621078,12202.58116,676.7184318,3139.114452,1523.457274,829.6195725,3253.725362,20960.62449,7933.696375,10776.8311,18892.60768,11869.44749,1.486154748,1.212915899,445.3636244,4328.693244,4237.9,2444.671817,5226.556969,2819.367331
Puerto Rico,49.49258413,3.204629598,65.98723481,9.622321519,3.102825241,0.198488403,86.83016648,0.581158804,79.44570202,253.7566863,1878.427559,418.5654777,593.2251648,805.9800063,337.3390773,848.3222223,7123.798178,2093.374611,6057.256752,5489.778002,1865.767798,1.245125671,0.500190091,143.5654875,1279.046187,1281.29,724.7897831,1608.428502,1197.631706
Qatar,1.616976009,0.290028597,2.6160738,0.020585329,0.904886322,0.054694766,4.004309763,0.47836509,66.86446506,75.74879044,136.779258,79.81663835,33.10717469,1.541011212,12.05494151,95.00271744,675.6205386,303.9274524,751.1093721,590.0097816,277.0562145,0.543725001,0.479016699,21.99173388,344.6368802,347.72,117.0167463,290.5437657,39.07240046
Romania,43.97288279,28.23393562,65.39495727,3589.936836,62.64674962,1.563623654,261.3966585,28.43177906,341.6584134,5869.004763,37822.34483,3053.841618,14933.18661,1709.079811,1908.433064,10351.076,29894.32199,39557.6402,40891.30107,92922.26184,40499.03361,7.051833792,32.98898177,632.0540633,15126.37283,11662.21,20975.14331,19871.72315,14160.73629
Russia,155.526737,122.5171726,470.6781972,381.8490798,151.052688,8.204329497,715.6671859,75.57932866,2702.027159,37847.85949,189864.6876,35740.07125,118512.4326,85961.31466,14440.92909,99134.0675,257065.554,393752.2652,286419.8161,562932.9159,301067.822,36.42804405,10.59031906,4656.575673,99392.1623,99613.01,93047.76178,175951.7905,126752.2803
Rwanda,3162.851511,2450.659915,2753.307022,4237.236325,172.2077891,19.07506976,3904.204561,700.1281978,3571.239675,397.8484467,4604.397587,187.1197704,284.451055,816.1785547,3218.932902,293.8785055,4631.614679,716.0705312,1953.927001,5372.267046,3787.438145,138.2873032,698.3261986,336.4728468,5523.825459,1337.55,831.5094058,1427.824752,725.3287245
Saint Lucia,2.780600753,1.107984241,2.478783712,10.68115857,0.368905826,0.022707189,5.18590495,0.06717527,10.95392566,11.25059048,80.96000977,9.203592489,35.27351149,36.60712942,19.94332364,30.9121226,268.3955139,58.22446306,180.5120738,260.5046273,113.0735346,0.414009701,0.095012569,4.087028319,80.4456983,69.76,26.27596706,74.66613501,42.71767663
Saint Vincent and the Grenadines,2.947415301,1.389237977,3.593884063,14.2246878,0.525403926,0.035093249,7.257719506,0.164228295,9.214163721,12.70412269,49.3634063,6.785469153,30.87301051,35.46370842,28.58616872,30.09601333,233.0802633,70.74932284,146.2941973,216.1966048,69.92856977,0.389971428,0.170917028,3.049458757,66.47246335,52.27,20.94945425,67.44513415,45.32098604
Samoa,3.140222042,0.468978309,1.145525735,74.93795965,0.57566446,0.013655277,9.149818959,0.916377373,18.19086588,46.65477499,13.66939457,6.571560283,58.4158145,55.05363747,14.63847246,34.38449721,269.3489245,92.34486634,194.5156553,253.4492521,178.6808504,0.410282188,2.321402551,3.437926563,95.20821863,20.27,31.89867528,87.66967729,59.92388328
Sao Tome and Principe,12.98855667,8.609335314,19.2881318,71.24693966,2.361503727,0.120319719,25.40536029,2.28871625,31.42856061,8.990052104,82.21815561,5.499863094,40.37744802,29.38700668,13.35798999,12.33687289,91.0509749,28.69350786,72.17383145,179.5528724,37.99243555,2.404880882,4.221330509,4.751773449,105.414069,35.28,17.46120847,41.43578955,24.07373121
Saudi Arabia,94.44551515,15.54332206,128.6423669,21.98059151,11.0830153,1.412414666,90.69602902,7.080995522,1544.681484,1570.077506,557.7187146,1171.191904,4216.616092,3626.385401,517.768722,3682.137016,16065.2465,10331.48145,17398.95567,19469.57584,5603.74178,20.92703459,10.04719369,662.3578589,8731.611835,8800.38,3174.284543,7634.405672,5579.151549
Scotland,4.564451042,0.839624434,20.42910456,74.95521211,1.222123713,0.166674395,13.81834214,0.248085325,77.994416,647.8205123,2018.759799,878.7824108,2027.023362,1378.624822,183.6212234,1542.817493,6763.907866,5098.266366,6197.396868,8868.20614,11877.42028,1.628106747,0.606244446,418.2452459,1903.435576,1853.16,1315.537743,2547.473599,1690.643961
Senegal,5665.48786,4236.472615,3811.327933,6068.732589,777.1885724,49.68236343,4924.445329,628.0501004,4646.151915,1069.286645,872.559365,341.893423,3020.364377,1772.52718,2350.917428,933.3675546,8134.96008,2798.699233,4447.919689,10267.32859,2486.502447,539.4198235,1180.462169,346.8590984,7875.021885,1854.07,1029.839285,2798.328186,1844.305127
Serbia,21.97991922,6.777386898,11.40982108,3611.878805,3.726053491,0.169403804,19.97188143,1.039052228,174.5669159,3672.593691,10160.86239,676.3487002,6193.419983,4523.822649,725.7324755,5516.013197,28518.69562,14848.87215,18549.82093,40844.44934,24724.30057,1.580206194,2.051440174,305.5123814,9902.231584,6406.87,8552.532109,10538.56873,6390.674598
Seychelles,1.628822691,0.488466607,2.21440378,3.53915998,0.319015222,0.005498309,2.970605705,0.185569405,4.963112588,15.4571151,49.47546105,7.124749732,20.16021601,15.44802172,13.72594995,11.08994673,111.6718267,55.06748682,81.63552776,186.9973051,87.97832784,0.189371308,0.19909612,2.868556533,41.40373865,37.97,58.60414854,27.57008252,19.40398457
Sierra Leone,4037.030967,3046.355363,3107.86266,5396.729295,887.892866,54.05755274,5651.428997,1005.87538,4175.269475,903.3486468,3605.815592,179.2940858,1712.296098,1205.70888,2434.835036,530.5944577,3986.360625,1359.435466,2154.352281,6783.904077,2429.964059,396.5573095,930.1771634,172.9738663,6102.434937,734.24,593.6993276,1695.847838,1169.461348
Singapore,2.093931007,0.443915168,30.24826831,2.353423782,1.443344972,0.01024545,5.445202458,0.320150111,17.68592123,247.2382636,92.66597049,156.8954387,552.8607966,395.7589343,110.8926132,516.697964,2084.698343,1640.00534,1558.149059,3240.266598,2400.196018,0.629413832,0.135244069,63.37468707,1318.267059,1326.39,1596.180574,812.8766078,634.333661
Slovakia,4.912026032,0.787624052,9.202578043,144.2941693,3.075973614,0.189472156,18.45488152,1.474856793,103.4186575,1232.427689,3105.051095,450.9815515,2825.242366,2232.203579,259.2077827,2148.600053,7253.281767,9689.189279,8379.898754,15432.5589,8241.237849,0.557247367,2.416277925,279.2331164,3144.765414,3028.27,3779.31594,4267.098374,3430.635205
Slovenia,1.122573788,0.296422487,3.351065452,73.18928545,0.174439889,0.012134967,0.969484693,0.054026263,12.70584648,370.6445681,695.206093,183.7393747,448.6885616,561.696977,73.64271254,521.3918563,2348.070824,2068.362711,2440.609152,4284.843308,2962.84239,0.157503056,0.10119761,251.2754557,915.2458318,857.95,1110.373242,855.2823923,647.7745326
Solomon Islands,36.75340906,29.88898074,23.97521946,502.1036735,3.730896511,0.282952496,69.0967512,10.45269766,93.89554077,146.9152123,25.28088704,24.26313811,230.4835733,229.5936402,58.16247182,98.87296267,842.9179054,389.4454677,505.7381842,648.9013868,513.1625248,9.813535922,9.45620807,22.05100848,556.8398894,54.87,159.8504835,308.5315782,217.9575275
Somalia,8842.082531,6791.882706,6631.363483,11072.70526,2358.869271,207.8953573,16087.46719,3475.148143,6780.407884,1317.589816,1528.388415,250.0403252,3868.68055,2919.001239,3198.534051,699.0241947,9820.693857,2576.645612,3145.754808,11974.5202,4876.434758,839.4620825,5342.714007,400.3172384,12357.46044,1320.08,1392.187895,3995.875009,2309.546814
South Africa,9673.741971,6091.271365,7300.399508,4365.230664,1847.924717,205.8365139,6786.452984,1044.38508,6404.404109,6289.004603,39779.68049,5258.866828,14417.78917,8597.082045,130386.709,5441.978519,56263.25278,14921.49318,44740.22889,55646.73737,29919.66097,262.2718548,1457.021539,1077.996754,23547.4816,19451.34,6332.784683,10805.61516,10015.75906
South Asia,653944.7194,377860.1213,298276.8299,622489.5861,45828.90751,2421.495314,272409.9051,60272.35099,382738.9593,285991.5848,604818.8478,66462.03468,549712.769,367477.2684,101331.5171,224496.1124,1291957.967,894716.2886,681274.6036,1954470.226,1137609.28,22203.05621,63776.41192,102070.7855,1517354.105,963006.34,306321.5646,664138.3233,487868.0906
South Korea,129.511382,27.76041469,192.6187035,12.04618076,4.537669696,0.738253661,96.60977311,1.177878885,426.0562842,3978.67164,12801.77179,2234.286984,8456.573281,3080.909731,1289.774767,5825.006447,44262.80209,15753.754,15880.89374,30647.66483,48052.69713,7.430497135,1.094532977,2369.908076,17343.39715,17684.75,16439.82408,8459.347697,5757.576258
South Sudan,9584.019807,7514.26187,6860.264795,7639.489606,1994.223449,65.59357875,15953.02106,3016.69279,6473.408969,920.0009402,744.8183528,156.9807389,1575.3751,1149.982569,3765.244043,331.4222177,4873.092054,1754.168627,1520.668898,5569.634143,2379.836171,462.3131227,3721.243,185.8830967,9073.918121,1479.39,753.2835952,1530.443501,998.8670207
Southeast Asia,70092.57841,30422.39416,29504.11012,184651.4516,7367.36726,483.6747503,55554.1136,8795.72828,62086.61046,114897.6556,205600.0324,39674.69625,205366.2011,156659.2035,61844.6307,70992.54031,753850.3891,303474.4407,339524.4475,896982.1701,589254.9068,2870.394432,10082.54702,24555.8783,351958.1253,171234.43,288080.3703,203487.225,148825.1169
"Southeast Asia, East Asia, and Oceania",77252.52476,35354.82155,36657.67018,496297.7989,10491.57563,626.0563485,78169.25663,11275.62934,107062.3517,526630.926,911820.6161,177861.3353,962876.069,452649.7795,141379.2492,334592.849,1728838.915,,1213887.158,3574019.165,2901860.199,3792.676323,12317.55435,95798.21616,1680395.794,1250154.88,2004996.669,1000119.237,566476.7838
Southern Latin America,416.6733854,132.8197567,656.6851917,1999.819989,88.31442794,5.747100255,1835.868972,37.14361922,3220.5703,9842.435838,13254.95002,5836.340669,12098.59921,12666.09724,6447.897302,8495.360505,68735.10159,36386.90458,55352.79402,73294.41226,67055.50966,83.68414207,45.89726914,1963.72314,23872.6674,22107.62,18348.27624,23828.82719,17192.7117
Southern Sub-Saharan Africa,15973.72295,10518.56266,12579.82825,13825.58113,3015.606547,297.4439947,15078.98205,2363.866649,13193.49546,9142.463017,52413.83196,6948.616576,19788.28187,12566.99403,161073.0096,6944.607937,74997.02222,19006.27375,55744.51207,74387.20964,43035.66171,640.0433734,2677.451165,1456.703352,36709.41242,23285.62,8231.701086,15201.78292,13785.44982
Spain,39.93892143,10.78669387,101.8108176,521.8039249,7.270695688,0.787418747,193.627334,0.786992118,328.3865029,5132.534055,31586.02569,2322.930241,8114.251098,7143.377798,1751.502194,9704.688566,58741.14496,27587.92912,41510.39591,68975.72466,63968.58969,4.204188584,1.542324973,2038.823694,17133.28315,17128.76,5851.913062,14986.21299,9404.445156
Sri Lanka,505.5621227,274.7440246,249.4668975,5480.363112,6.584213018,0.185538172,219.9419372,13.35869034,818.861477,3075.246202,6150.337137,747.801131,6867.678809,5264.18864,469.7045409,2662.783886,29917.85634,12974.00698,11867.03909,26360.80695,12688.89237,19.79335713,20.0908314,1055.342841,8406.540714,2952.94,9170.336852,7073.861119,6217.745628
Sub-Saharan Africa,458644.9436,332652.8354,338742.8247,393269.4898,87702.74799,5772.461452,621155.8534,133400.7489,433644.5056,66770.64991,292171.0299,47902.91317,140081.3704,110940.9651,634201.1169,46418.15445,454139.4825,143398.8525,237120.6499,578378.7575,206161.998,27991.65244,140699.9619,19223.65072,549532.1891,159900.76,66118.3209,151852.8984,96689.00217
Sudan,6668.136819,5263.378749,4294.670086,10010.46023,1441.840358,96.38099229,10445.76053,1989.448439,19436.57489,1031.571232,4099.1727,1818.704065,10194.08745,7810.567304,4048.861748,7060.689869,24259.10899,18972.59555,22213.8175,44223.29422,2868.308281,644.39471,2081.639945,447.6965166,18078.8198,8199.8,4516.452294,15427.3639,10820.68807
Suriname,29.3238213,10.22026932,20.05397412,62.35180759,7.635001793,0.763265671,29.83457735,1.685717309,93.94083967,74.28093066,337.6558498,45.60228145,159.3295209,162.6418799,123.8404869,109.3578857,809.091138,279.5274411,657.2608389,813.8868994,476.1846626,2.549215851,2.340184445,14.77422721,268.800059,207.18,79.7426253,246.9047833,166.0833724
Sweden,17.31104825,13.12070712,33.73902148,42.4686665,1.085702105,0.169509276,82.60768769,0.242420887,84.24879268,626.685458,2749.612543,714.0670189,2209.43129,2750.161279,302.8242747,2910.49756,15100.66284,9442.308879,8662.715843,18130.34863,13193.94806,0.743860818,0.746209464,865.6804144,2256.619985,2242.02,3175.339567,4733.651677,3435.019958
Switzerland,5.266639686,3.898039041,15.19192829,37.58337665,1.679864677,0.235759276,48.72479614,0.190419744,102.6052619,535.1182333,1817.89137,588.7808096,1713.723404,1561.892783,230.5432772,1828.81238,10149.99459,6891.338965,5695.909115,10732.05812,9671.171183,1.112183668,0.691711245,941.3830389,2313.077654,2326.94,2071.32055,2950.601832,1769.667399
Syria,28.0321076,9.244243265,65.84599093,10.46428603,10.72179599,0.567114769,246.5970881,47.40965984,580.4947475,1944.56038,511.667109,587.5159782,5745.14685,5151.477399,109.3594831,4219.563993,14840.25923,12857.88606,13743.95981,24666.70976,10056.85705,10.37438911,38.24732622,198.1614238,7611.223775,7683.19,2549.098329,9583.440494,7695.731815
Taiwan,35.25988459,11.35087004,150.6341076,614.4909985,4.651145654,0.191537607,127.3856714,2.792134335,216.8207432,4714.716099,11775.82917,3545.02818,3925.586024,2038.580286,958.5455574,2973.335801,26897.37261,9876.400984,16261.18788,23016.98599,27762.98031,3.428805278,2.211233104,1062.824428,12721.82986,12444.55,8446.725368,7214.433059,3158.131872
Tajikistan,1138.600489,1026.972233,546.2755517,2279.727415,667.9108059,41.74170544,3541.670014,737.0774312,3265.784362,1138.470351,340.575061,364.9890134,3296.997239,893.1628995,136.8987934,1128.920553,7905.624538,4529.772467,4261.899174,11326.54324,4164.573446,19.24611143,531.601809,44.97841983,5317.501597,3081.05,2201.124779,4385.409114,2894.797583
Tanzania,12375.25613,9290.424229,11698.9256,22226.14558,1696.679371,76.59283807,18679.44467,3369.101589,20886.19443,3629.921608,15322.66804,1484.207625,4937.250892,5234.780683,25671.94824,1842.840992,22463.21023,11172.19085,12275.89393,31517.10859,15146.14977,1542.983126,2599.110907,1141.754016,27055.44492,4953.52,6172.914661,5805.30379,5295.425824
Thailand,3424.406866,196.9656894,2570.368924,6244.842235,90.73627596,7.178557644,791.7252152,51.17543976,1422.998463,8278.512037,40559.31517,10245.51016,10582.13571,12747.25186,18838.64362,5746.640041,55471.87934,25153.59045,42830.41737,61559.2917,56234.80933,40.46212772,62.5501938,1948.28455,30625.15311,24579.35,23231.08816,14540.65363,11813.74459
Timor,135.4508323,107.872781,56.68083642,605.256925,28.42346154,2.011811799,283.4673245,67.76769167,300.3912651,167.6016329,64.61884812,37.77072774,481.1493517,322.0555103,193.845615,105.825822,1069.176197,305.2360807,215.6324867,1496.782712,805.0884028,21.37414936,38.09768285,22.48834838,750.7056044,149.77,457.4293667,348.0228828,242.3943536
Togo,2702.491929,1977.371699,1927.456766,2968.079195,326.1182127,17.8372429,2430.372315,296.9977432,2533.134598,430.6752193,1463.309637,298.4953339,1673.931783,1162.988178,3824.631018,377.6103457,3140.821647,1616.151094,1895.759573,5173.944934,1518.722348,162.878391,542.5573896,146.9240958,3800.585446,858.28,472.1522637,1446.525406,983.1944875
Tonga,1.97845758,0.758211095,1.051236679,34.7656152,0.299369344,0.007769293,6.290605342,0.321399757,9.02894467,22.84016803,3.523022094,6.438208763,28.99977385,22.79821148,8.488285152,17.27684616,185.2392991,54.39510929,114.8009162,125.196568,80.27582689,0.614255874,0.618108595,2.221661951,53.43417163,18.67,34.44392949,46.69044967,33.01079527
Trinidad and Tobago,18.26589455,5.821698195,18.5711431,15.1795412,4.703468879,0.355253568,34.85072077,0.798907787,94.89906338,249.3568741,192.2487058,75.29288603,498.8216338,527.8305456,270.721612,412.5615503,3425.109453,933.838162,2279.282419,2656.870696,1011.140418,2.318661357,1.064989872,27.71665191,906.3062422,892.98,177.484915,1021.474774,625.5519341
Tropical Latin America,3060.629335,2278.331733,3811.784006,13480.76122,1165.050813,147.3049587,9760.740916,413.0949912,12877.1342,27394.0893,84944.96963,15002.85046,32753.94284,45103.2376,24805.48186,33091.27483,137369.748,98811.15482,170268.5282,236930.9064,171950.4977,553.0964238,804.8326508,8246.748091,68357.66572,55660.34,52712.97237,61872.09244,48925.41889
Tunisia,71.84728566,27.81018907,76.84671488,21.07674729,16.6895737,0.943294241,58.74946292,6.197147933,635.3512901,2004.447655,174.3602229,600.8541882,3201.080283,435.6417455,282.2151052,2854.834545,14141.07698,7775.467241,10366.79254,18996.19833,10745.83504,8.812619634,2.651209196,433.8252284,5756.90217,5814.95,2369.693452,6668.933584,3967.37131
Turkey,329.134159,84.67131141,418.3565944,342.1740256,88.99331514,8.079507784,761.0913177,65.11682629,5298.700099,11286.86863,5795.232818,1897.263959,8135.002227,1265.760191,989.007208,12896.69652,62392.58197,35328.24636,65436.34119,90628.66897,77090.42216,47.36188445,119.0244573,2278.099794,39984.74266,40720.7,11693.62307,30150.45146,13766.6922
Turkmenistan,44.49983181,36.00796333,43.54641493,15.68992507,62.68311114,1.203698294,401.6030448,57.71955782,779.8652211,1049.733505,2134.436321,603.3802434,2440.494691,457.0368782,217.1160298,996.3853925,7113.300459,5370.606902,6002.339732,10998.59429,3882.849715,2.281505051,32.19131524,26.74828443,2412.627483,2406.52,2633.544854,4225.318606,2676.987428
Uganda,9653.608338,7570.399946,7260.477761,10122.56609,944.0872276,96.25618741,9665.177725,1809.035552,15221.32424,1135.179573,10541.26672,275.1899629,1179.623029,2919.910046,19057.20231,909.0888801,12586.97584,2898.729702,4804.779977,15359.85672,5556.863638,387.4084949,1999.831386,663.0825328,13599.26605,3587.2,2103.396007,3549.990109,1985.086168
Ukraine,54.12760074,41.27384003,181.3191525,3850.305349,29.46684564,0.897555453,174.9363565,18.29828227,814.9850807,16950.18736,85456.55717,10195.7167,57523.91889,25764.15351,4579.736311,43058.416,107616.5559,161796.459,105697.5356,262123.4744,117039.1876,17.57772773,2.35974268,1081.941346,50130.48229,46519.75,42588.57296,83262.22557,68057.35868
United Arab Emirates,27.53783996,1.624641427,21.09880059,6.624847744,2.266344135,0.259871298,19.23581274,1.741539467,230.6387445,514.7717993,1724.604064,989.9969446,1028.093289,930.4594275,227.6748192,709.6373346,3919.194452,4050.736372,5056.74271,4835.135395,2512.923969,1.942928549,1.945087894,163.4314861,2071.683878,2110.87,897.5820437,2180.033794,946.4456429
United Kingdom,39.97572259,6.198678532,252.5759249,348.1261053,17.28501244,1.903904755,147.6525661,3.698420819,1411.928336,5963.642029,16671.52033,5482.099352,18410.9481,13380.16846,1984.58355,15035.98907,71546.13101,48587.63419,56735.40553,84232.31023,92871.01715,12.83917106,4.006829331,3740.076245,24793.8723,24809.58,14105.28928,24239.66611,16818.59685
United States,296.744882,576.8510034,795.2871685,508.1808343,192.0740548,35.64760545,4593.720958,22.3730357,8706.48935,25924.94442,80985.81668,104937.1776,85150.79481,69406.50797,14388.95345,72957.31792,420327.9272,233232.6859,408831.4452,454347.0333,422011.2549,150.5899942,27.94152842,20321.25253,107506.7294,109629.59,95034.8934,133333.6233,98873.86839
United States Virgin Islands,0.800257716,0.120304463,1.405797139,2.18882615,0.08841783,0.004157704,2.914104634,0.020803613,4.011583044,14.59089468,39.25285265,11.14659204,11.28261237,40.7112664,14.802181,40.76164974,245.7780471,132.0105329,246.8205199,290.767226,85.09490103,0.120850469,0.013957688,4.642862495,53.7740078,51.66,35.60716064,84.39925905,65.40654336
Uruguay,49.46159981,6.823865874,28.78333954,74.31309185,4.323295562,0.308112135,95.87916334,1.884510943,108.8635396,555.7322667,989.1108235,318.7405615,987.531506,903.352293,436.4626059,787.2881176,4946.022226,2232.187036,3574.061346,5645.286149,4735.866845,2.352724325,2.296210821,168.91468,1194.370837,1132.77,1578.032627,1592.645714,998.3317733
Uzbekistan,105.0539259,120.0960994,296.5054639,4417.48998,694.3569995,3.554074436,2713.503359,573.5370157,3214.112927,6097.333985,7663.03729,2932.517685,17040.20253,852.8660861,1035.667817,7985.553603,50134.52734,33845.48526,34342.20452,67601.59773,20932.37812,61.56264876,203.0299322,228.5876829,19856.22676,15528.47,14682.90483,28188.00742,19170.46421
Vanuatu,28.0568822,20.94858882,16.39106849,192.5142134,4.479214494,0.196142265,39.22482919,6.117899127,57.43725923,57.38410922,13.28999742,16.83480611,140.6989792,126.5831727,26.45103528,50.52230823,413.6991423,242.0808158,284.3892783,545.9473819,233.8658083,3.322962679,5.717934147,4.195412206,223.1142374,30.82,118.7829085,182.2974515,120.9797388
Venezuela,668.4729966,208.34257,317.322986,124.6780341,215.1910065,18.45619122,1103.608123,76.41187888,2722.343173,3030.77933,15598.77027,1722.369181,6113.962803,6494.17349,3964.265279,3285.530235,26801.20733,13183.11166,25387.32394,37447.20027,15928.75566,56.01145643,111.3177737,647.6612532,9197.12305,9141.87,6111.864366,8480.59136,8656.629899
Vietnam,1576.620067,813.566332,1730.772182,21274.04751,276.9805376,2.351266617,1441.80485,250.6286199,4417.126005,15423.43446,76352.95704,10896.60509,33839.64561,8984.642583,10092.43376,8518.378696,98864.07061,43439.42069,28583.374,128962.9434,86358.10459,38.00434845,137.5949342,7436.916196,50232.33397,29549.67,40877.74165,25475.24505,14237.36447
Wales,2.623985729,0.479455699,15.21282469,30.24817284,0.786104301,0.101038531,7.988593548,0.155248841,51.54328559,337.3033621,931.3604085,345.0454197,1073.97637,794.263682,103.0804434,939.3431029,4139.302453,2734.051382,2819.743934,5244.867902,5592.245559,0.75252373,0.378386868,205.4249874,1365.553898,1354.9,807.6030008,1387.722903,994.4424966
Western Europe,394.4951478,245.3662572,1182.095271,2506.069336,73.00507761,10.16902898,4351.006662,12.30273406,5039.524847,42418.37074,207677.1203,31970.70002,108896.8153,91683.45283,15071.41342,110827.1582,612913.757,352008.1527,400453.9101,734650.8531,622589.0195,47.84052736,24.4260436,32012.81623,172649.7317,173702.51,116172.6132,180105.2712,120047.8429
Western Sub-Saharan Africa,232494.3953,160952.6184,169944.4655,172133.5995,53606.76749,3448.963539,346100.3956,77410.4151,225370.5866,30192.0184,98792.11235,27437.13253,48844.66198,40065.52527,226622.5412,18630.53313,148099.384,52139.51769,87406.61347,220837.3815,53376.1712,14601.25741,74658.30653,8117.362259,253653.5126,82793.37,24745.91474,62016.25483,34046.89943
World,1232368.284,774240.9861,707247.7129,1640599.784,160983.3744,10011.80923,1077101.961,220677.9805,1096977.205,1220044.162,2842854.196,585348.1802,2423447.368,1462367.411,1028619.949,1263051.288,6526028.193,4392505.382,4724346.293,10440818.48,7099111.294,59881.94912,232776.7354,327314.2626,4895475.998,3408877.62,3196514.265,3065588.513,2062521.709
Yemen,6435.590072,4011.28668,3029.543803,4700.403136,2440.200553,237.6285109,9475.333336,1701.524472,14468.13369,3394.252897,42.32744008,755.1280173,8524.544318,8615.380829,539.3617803,4900.717205,17125.87561,14951.29067,13795.61479,29585.02604,12553.3278,1009.473117,2869.490711,408.748982,12378.57816,7777.21,3271.575438,12445.27904,8677.625163
Zambia,6288.667626,4718.90037,4553.893978,5452.029245,752.1568705,63.18310805,7289.651474,1373.26344,5361.822895,835.7962109,5287.32292,462.3751155,2562.868587,1720.852299,16361.8286,589.4995098,7572.949729,2853.529887,3337.770773,7322.782798,4353.51607,179.5130823,1366.483921,344.1148355,7105.756834,1726.75,1183.670344,1792.215066,1580.104899
Zimbabwe,3796.070615,2612.12256,3579.352078,6982.337249,866.9020116,46.81676002,6609.236886,1021.437703,5288.773999,1755.599784,7227.985209,1024.540908,3312.481313,2553.37594,15014.25791,823.4367332,10767.52978,2384.867625,5713.001437,11243.08932,8714.714332,310.6696828,882.9866668,250.2691846,9020.941349,2112.19,1049.402363,2664.132572,2449.546229
